-- ShopForge: Demo seed data
-- Run this AFTER 001_initial_schema.sql for testing/demo purposes
-- Delete this file's contents before deploying to a real client

-- Technicians
INSERT INTO techs (id, name, color) VALUES
  ('a1000000-0000-0000-0000-000000000001', 'Mike Torres', '#f97316'),
  ('a1000000-0000-0000-0000-000000000002', 'Jake Reeves', '#22c55e'),
  ('a1000000-0000-0000-0000-000000000003', 'Carlos Mendez', '#3b82f6');

-- Customers
INSERT INTO customers (id, name, phone, email) VALUES
  ('b1000000-0000-0000-0000-000000000001', 'Robert Chen', '(714) 555-0142', 'rchen@email.com'),
  ('b1000000-0000-0000-0000-000000000002', 'Sarah Mitchell', '(949) 555-0287', 'smitchell@email.com'),
  ('b1000000-0000-0000-0000-000000000003', 'David Kowalski', '(562) 555-0193', 'dkowalski@email.com'),
  ('b1000000-0000-0000-0000-000000000004', 'Maria Gonzalez', '(714) 555-0365', 'mgonzalez@email.com'),
  ('b1000000-0000-0000-0000-000000000005', 'James Patterson', '(949) 555-0418', 'jpatterson@email.com'),
  ('b1000000-0000-0000-0000-000000000006', 'Lisa Thompson', '(562) 555-0524', 'lthompson@email.com'),
  ('b1000000-0000-0000-0000-000000000007', 'Kevin O''Brien', '(714) 555-0671', 'kobrien@email.com'),
  ('b1000000-0000-0000-0000-000000000008', 'Amanda Foster', '(949) 555-0789', 'afoster@email.com');

-- Vehicles
INSERT INTO vehicles (id, customer_id, year, make, model, vin, mileage, plate) VALUES
  ('d1000000-0000-0000-0000-000000000001', 'b1000000-0000-0000-0000-000000000001', 2021, 'Ford', 'F-150 XLT', '1FTFW1E87MFA12345', 34200, '8ABC123'),
  ('d1000000-0000-0000-0000-000000000002', 'b1000000-0000-0000-0000-000000000002', 2019, 'Toyota', 'Camry SE', '4T1B11HK5KU123456', 58100, '7DEF456'),
  ('d1000000-0000-0000-0000-000000000003', 'b1000000-0000-0000-0000-000000000003', 2020, 'Chevrolet', 'Silverado 1500', '3GCUYDED5LG234567', 42800, '6GHI789'),
  ('d1000000-0000-0000-0000-000000000004', 'b1000000-0000-0000-0000-000000000004', 2022, 'Honda', 'CR-V EX', '7FARW2H93NE345678', 18500, '9JKL012'),
  ('d1000000-0000-0000-0000-000000000005', 'b1000000-0000-0000-0000-000000000005', 2018, 'BMW', '330i', 'WBA8B9G50JNU45678', 67300, '5MNO345'),
  ('d1000000-0000-0000-0000-000000000006', 'b1000000-0000-0000-0000-000000000005', 2023, 'Porsche', 'Cayenne', 'WP1AA2AY5PDA56789', 12100, '4PQR678'),
  ('d1000000-0000-0000-0000-000000000007', 'b1000000-0000-0000-0000-000000000006', 2023, 'Hyundai', 'Tucson SEL', '5NMS3DAJ8PH567890', 8200, '3STU901'),
  ('d1000000-0000-0000-0000-000000000008', 'b1000000-0000-0000-0000-000000000007', 2017, 'Jeep', 'Wrangler Unlimited', '1C4BJWDG5HL678901', 78400, '2VWX234'),
  ('d1000000-0000-0000-0000-000000000009', 'b1000000-0000-0000-0000-000000000008', 2021, 'Mazda', 'CX-5 Touring', 'JM3KFBDM0M0789012', 29600, '1YZA567');

-- Work Orders
INSERT INTO work_orders (id, display_id, customer_id, vehicle_id, tech_id, job, status, priority, notes) VALUES
  ('e1000000-0000-0000-0000-000000000001', 'WO-1042', 'b1000000-0000-0000-0000-000000000001', 'd1000000-0000-0000-0000-000000000001', 'a1000000-0000-0000-0000-000000000001', 'Brake Pad Replacement', 'In Progress', 'high', 'Customer reported squealing noise when braking. Front pads worn to 2mm.'),
  ('e1000000-0000-0000-0000-000000000002', 'WO-1043', 'b1000000-0000-0000-0000-000000000002', 'd1000000-0000-0000-0000-000000000002', 'a1000000-0000-0000-0000-000000000002', 'Oil Change + Tire Rotation', 'Check-In', 'low', 'Routine maintenance. Customer requests synthetic oil.'),
  ('e1000000-0000-0000-0000-000000000003', 'WO-1044', 'b1000000-0000-0000-0000-000000000003', 'd1000000-0000-0000-0000-000000000003', 'a1000000-0000-0000-0000-000000000003', 'Transmission Fluid Flush', 'Waiting on Parts', 'medium', 'Transmission slipping between 2nd and 3rd gear. Fluid dark and burnt.'),
  ('e1000000-0000-0000-0000-000000000004', 'WO-1045', 'b1000000-0000-0000-0000-000000000005', 'd1000000-0000-0000-0000-000000000005', 'a1000000-0000-0000-0000-000000000001', 'Coolant System Repair', 'In Progress', 'high', 'Overheating at highway speeds. Thermostat stuck closed.'),
  ('e1000000-0000-0000-0000-000000000005', 'WO-1046', 'b1000000-0000-0000-0000-000000000004', 'd1000000-0000-0000-0000-000000000004', 'a1000000-0000-0000-0000-000000000002', 'A/C Compressor Replacement', 'Waiting on Parts', 'high', 'No cold air. Compressor clutch not engaging. OEM part on backorder.'),
  ('e1000000-0000-0000-0000-000000000006', 'WO-1047', 'b1000000-0000-0000-0000-000000000007', 'd1000000-0000-0000-0000-000000000008', 'a1000000-0000-0000-0000-000000000003', 'Suspension Lift Kit Install', 'Check-In', 'medium', 'Customer purchased Rough Country 2.5" lift kit. Alignment required after.'),
  ('e1000000-0000-0000-0000-000000000007', 'WO-1048', 'b1000000-0000-0000-0000-000000000006', 'd1000000-0000-0000-0000-000000000007', 'a1000000-0000-0000-0000-000000000002', '15,000 Mile Service', 'Ready for Pickup', 'low', 'Scheduled maintenance per Hyundai interval. All systems checked.'),
  ('e1000000-0000-0000-0000-000000000008', 'WO-1049', 'b1000000-0000-0000-0000-000000000008', 'd1000000-0000-0000-0000-000000000009', 'a1000000-0000-0000-0000-000000000001', 'Check Engine Light Diagnostic', 'In Progress', 'medium', 'CEL on — P0420 catalyst efficiency below threshold.');

-- Labor Lines for Work Orders
INSERT INTO wo_labor_lines (work_order_id, description, hours, rate, sort_order) VALUES
  ('e1000000-0000-0000-0000-000000000001', 'Front brake pad replacement', 1.5, 120, 0),
  ('e1000000-0000-0000-0000-000000000001', 'Brake rotor resurface (x2)', 1.0, 120, 1),
  ('e1000000-0000-0000-0000-000000000002', 'Full synthetic oil change', 0.75, 120, 0),
  ('e1000000-0000-0000-0000-000000000002', 'Tire rotation & balance', 0.75, 120, 1),
  ('e1000000-0000-0000-0000-000000000003', 'Transmission fluid flush', 2.0, 120, 0),
  ('e1000000-0000-0000-0000-000000000003', 'Transmission filter replacement', 1.0, 120, 1),
  ('e1000000-0000-0000-0000-000000000004', 'Coolant system diagnosis', 1.0, 120, 0),
  ('e1000000-0000-0000-0000-000000000004', 'Thermostat replacement', 1.5, 120, 1),
  ('e1000000-0000-0000-0000-000000000004', 'Coolant flush & refill', 1.5, 120, 2),
  ('e1000000-0000-0000-0000-000000000005', 'A/C system diagnosis', 1.0, 120, 0),
  ('e1000000-0000-0000-0000-000000000005', 'A/C compressor R&R', 3.0, 120, 1),
  ('e1000000-0000-0000-0000-000000000005', 'Evacuate & recharge system', 1.0, 120, 2),
  ('e1000000-0000-0000-0000-000000000006', 'Front suspension lift install', 3.0, 120, 0),
  ('e1000000-0000-0000-0000-000000000006', 'Rear suspension lift install', 2.0, 120, 1),
  ('e1000000-0000-0000-0000-000000000006', '4-wheel alignment', 1.0, 120, 2),
  ('e1000000-0000-0000-0000-000000000007', '15K mile inspection & service', 1.0, 120, 0),
  ('e1000000-0000-0000-0000-000000000008', 'OBD-II diagnostic scan', 0.5, 120, 0),
  ('e1000000-0000-0000-0000-000000000008', 'Exhaust system inspection', 1.0, 120, 1);

-- Parts Lines for Work Orders
INSERT INTO wo_parts_lines (work_order_id, name, qty, price, sort_order) VALUES
  ('e1000000-0000-0000-0000-000000000001', 'Ceramic brake pads (front set)', 1, 89, 0),
  ('e1000000-0000-0000-0000-000000000001', 'Brake rotor (each)', 2, 64, 1),
  ('e1000000-0000-0000-0000-000000000001', 'Brake cleaner', 1, 8, 2),
  ('e1000000-0000-0000-0000-000000000001', 'Brake hardware kit', 1, 18, 3),
  ('e1000000-0000-0000-0000-000000000002', 'Mobil 1 Synthetic 0W-20 (5qt)', 1, 38, 0),
  ('e1000000-0000-0000-0000-000000000002', 'Oil filter (Toyota OEM)', 1, 12, 1),
  ('e1000000-0000-0000-0000-000000000003', 'Dexron VI ATF (12qt)', 1, 96, 0),
  ('e1000000-0000-0000-0000-000000000003', 'Transmission filter kit (OEM)', 1, 85, 1),
  ('e1000000-0000-0000-0000-000000000003', 'Pan gasket', 1, 22, 2),
  ('e1000000-0000-0000-0000-000000000004', 'Thermostat assembly (BMW OEM)', 1, 145, 0),
  ('e1000000-0000-0000-0000-000000000004', 'BMW coolant (2 gal)', 1, 48, 1),
  ('e1000000-0000-0000-0000-000000000004', 'Upper radiator hose', 1, 62, 2),
  ('e1000000-0000-0000-0000-000000000005', 'A/C compressor (Honda OEM)', 1, 420, 0),
  ('e1000000-0000-0000-0000-000000000005', 'Receiver drier', 1, 65, 1),
  ('e1000000-0000-0000-0000-000000000005', 'R-134a refrigerant', 3, 18, 2),
  ('e1000000-0000-0000-0000-000000000006', 'Rough Country 2.5" lift kit', 1, 650, 0),
  ('e1000000-0000-0000-0000-000000000006', 'Extended brake lines (front)', 1, 85, 1),
  ('e1000000-0000-0000-0000-000000000007', 'Synthetic oil 0W-20 (5qt)', 1, 38, 0),
  ('e1000000-0000-0000-0000-000000000007', 'Oil filter (Hyundai OEM)', 1, 14, 1),
  ('e1000000-0000-0000-0000-000000000007', 'Cabin air filter', 1, 24, 2),
  ('e1000000-0000-0000-0000-000000000007', 'Engine air filter', 1, 22, 3);

-- Invoices
INSERT INTO invoices (id, display_id, work_order_id, customer_id, vehicle_id, status, labor_total, parts_total, tax, total, payment_method, paid_at) VALUES
  ('f1000000-0000-0000-0000-000000000001', 'INV-2089', 'e1000000-0000-0000-0000-000000000001', 'b1000000-0000-0000-0000-000000000001', 'd1000000-0000-0000-0000-000000000001', 'Paid', 300, 243, 43.44, 586.44, 'Card', now()),
  ('f1000000-0000-0000-0000-000000000002', 'INV-2090', 'e1000000-0000-0000-0000-000000000004', 'b1000000-0000-0000-0000-000000000005', 'd1000000-0000-0000-0000-000000000005', 'Sent', 480, 267, 59.76, 806.76, null, null),
  ('f1000000-0000-0000-0000-000000000003', 'INV-2091', 'e1000000-0000-0000-0000-000000000007', 'b1000000-0000-0000-0000-000000000006', 'd1000000-0000-0000-0000-000000000007', 'Paid', 120, 98, 17.44, 235.44, 'Card', now()),
  ('f1000000-0000-0000-0000-000000000004', 'INV-2092', 'e1000000-0000-0000-0000-000000000003', 'b1000000-0000-0000-0000-000000000003', 'd1000000-0000-0000-0000-000000000003', 'Overdue', 360, 203, 45.04, 608.04, null, null),
  ('f1000000-0000-0000-0000-000000000005', 'INV-2093', 'e1000000-0000-0000-0000-000000000005', 'b1000000-0000-0000-0000-000000000004', 'd1000000-0000-0000-0000-000000000004', 'Draft', 480, 539, 81.52, 1100.52, null, null),
  ('f1000000-0000-0000-0000-000000000006', 'INV-2094', 'e1000000-0000-0000-0000-000000000006', 'b1000000-0000-0000-0000-000000000007', 'd1000000-0000-0000-0000-000000000008', 'Sent', 720, 767, 118.96, 1605.96, null, null);

-- Invoice Labor Lines (snapshots)
INSERT INTO invoice_labor_lines (invoice_id, description, hours, rate, sort_order) VALUES
  ('f1000000-0000-0000-0000-000000000001', 'Front brake pad replacement', 1.5, 120, 0),
  ('f1000000-0000-0000-0000-000000000001', 'Brake rotor resurface (x2)', 1.0, 120, 1),
  ('f1000000-0000-0000-0000-000000000002', 'Coolant system diagnosis', 1.0, 120, 0),
  ('f1000000-0000-0000-0000-000000000002', 'Thermostat replacement', 1.5, 120, 1),
  ('f1000000-0000-0000-0000-000000000002', 'Coolant flush & refill', 1.5, 120, 2),
  ('f1000000-0000-0000-0000-000000000003', '15K mile inspection & service', 1.0, 120, 0),
  ('f1000000-0000-0000-0000-000000000004', 'Transmission fluid flush', 2.0, 120, 0),
  ('f1000000-0000-0000-0000-000000000004', 'Transmission filter replacement', 1.0, 120, 1),
  ('f1000000-0000-0000-0000-000000000005', 'A/C system diagnosis', 1.0, 120, 0),
  ('f1000000-0000-0000-0000-000000000005', 'A/C compressor R&R', 3.0, 120, 1),
  ('f1000000-0000-0000-0000-000000000006', 'Front suspension lift install', 3.0, 120, 0),
  ('f1000000-0000-0000-0000-000000000006', 'Rear suspension lift install', 2.0, 120, 1),
  ('f1000000-0000-0000-0000-000000000006', '4-wheel alignment', 1.0, 120, 2);

-- Invoice Parts Lines (snapshots)
INSERT INTO invoice_parts_lines (invoice_id, name, qty, price, sort_order) VALUES
  ('f1000000-0000-0000-0000-000000000001', 'Ceramic brake pads (front set)', 1, 89, 0),
  ('f1000000-0000-0000-0000-000000000001', 'Brake rotor (each)', 2, 64, 1),
  ('f1000000-0000-0000-0000-000000000001', 'Brake cleaner', 1, 8, 2),
  ('f1000000-0000-0000-0000-000000000001', 'Brake hardware kit', 1, 18, 3),
  ('f1000000-0000-0000-0000-000000000002', 'Thermostat assembly (BMW OEM)', 1, 145, 0),
  ('f1000000-0000-0000-0000-000000000002', 'BMW coolant (2 gal)', 1, 48, 1),
  ('f1000000-0000-0000-0000-000000000002', 'Upper radiator hose', 1, 62, 2),
  ('f1000000-0000-0000-0000-000000000003', 'Synthetic oil 0W-20 (5qt)', 1, 38, 0),
  ('f1000000-0000-0000-0000-000000000003', 'Oil filter (Hyundai OEM)', 1, 14, 1),
  ('f1000000-0000-0000-0000-000000000003', 'Cabin air filter', 1, 24, 2),
  ('f1000000-0000-0000-0000-000000000003', 'Engine air filter', 1, 22, 3),
  ('f1000000-0000-0000-0000-000000000004', 'Dexron VI ATF (12qt)', 1, 96, 0),
  ('f1000000-0000-0000-0000-000000000004', 'Transmission filter kit (OEM)', 1, 85, 1),
  ('f1000000-0000-0000-0000-000000000004', 'Pan gasket', 1, 22, 2),
  ('f1000000-0000-0000-0000-000000000005', 'A/C compressor (Honda OEM)', 1, 420, 0),
  ('f1000000-0000-0000-0000-000000000005', 'Receiver drier', 1, 65, 1),
  ('f1000000-0000-0000-0000-000000000005', 'R-134a refrigerant', 3, 18, 2),
  ('f1000000-0000-0000-0000-000000000006', 'Rough Country 2.5" lift kit', 1, 650, 0),
  ('f1000000-0000-0000-0000-000000000006', 'Extended brake lines (front)', 1, 85, 1);

-- Appointments (for this week - adjust dates as needed)
INSERT INTO appointments (customer_id, vehicle_id, tech_id, job, start_time, duration_minutes) VALUES
  ('b1000000-0000-0000-0000-000000000001', 'd1000000-0000-0000-0000-000000000001', 'a1000000-0000-0000-0000-000000000001', 'Brake Pads', (CURRENT_DATE - EXTRACT(DOW FROM CURRENT_DATE)::int + 1)::date + TIME '08:00', 90),
  ('b1000000-0000-0000-0000-000000000002', 'd1000000-0000-0000-0000-000000000002', 'a1000000-0000-0000-0000-000000000002', 'Oil Change', (CURRENT_DATE - EXTRACT(DOW FROM CURRENT_DATE)::int + 1)::date + TIME '09:00', 60),
  ('b1000000-0000-0000-0000-000000000007', 'd1000000-0000-0000-0000-000000000008', 'a1000000-0000-0000-0000-000000000003', 'Suspension Lift', (CURRENT_DATE - EXTRACT(DOW FROM CURRENT_DATE)::int + 1)::date + TIME '10:00', 120),
  ('b1000000-0000-0000-0000-000000000005', 'd1000000-0000-0000-0000-000000000005', 'a1000000-0000-0000-0000-000000000001', 'Coolant Repair', (CURRENT_DATE - EXTRACT(DOW FROM CURRENT_DATE)::int + 1)::date + TIME '13:00', 120),
  ('b1000000-0000-0000-0000-000000000008', 'd1000000-0000-0000-0000-000000000009', 'a1000000-0000-0000-0000-000000000002', 'CEL Diagnostic', (CURRENT_DATE - EXTRACT(DOW FROM CURRENT_DATE)::int + 1)::date + TIME '14:00', 90),
  ('b1000000-0000-0000-0000-000000000003', 'd1000000-0000-0000-0000-000000000003', 'a1000000-0000-0000-0000-000000000003', 'Trans Flush', (CURRENT_DATE - EXTRACT(DOW FROM CURRENT_DATE)::int + 2)::date + TIME '08:30', 90),
  ('b1000000-0000-0000-0000-000000000004', 'd1000000-0000-0000-0000-000000000004', 'a1000000-0000-0000-0000-000000000002', 'A/C Compressor', (CURRENT_DATE - EXTRACT(DOW FROM CURRENT_DATE)::int + 2)::date + TIME '09:00', 90),
  ('b1000000-0000-0000-0000-000000000006', 'd1000000-0000-0000-0000-000000000007', 'a1000000-0000-0000-0000-000000000002', '15K Service', (CURRENT_DATE - EXTRACT(DOW FROM CURRENT_DATE)::int + 2)::date + TIME '11:00', 60),
  ('b1000000-0000-0000-0000-000000000005', 'd1000000-0000-0000-0000-000000000006', 'a1000000-0000-0000-0000-000000000002', 'Oil Change + Inspect', (CURRENT_DATE - EXTRACT(DOW FROM CURRENT_DATE)::int + 3)::date + TIME '13:00', 120),
  ('b1000000-0000-0000-0000-000000000007', 'd1000000-0000-0000-0000-000000000008', 'a1000000-0000-0000-0000-000000000003', 'Post-Lift Alignment', (CURRENT_DATE - EXTRACT(DOW FROM CURRENT_DATE)::int + 4)::date + TIME '09:00', 120),
  ('b1000000-0000-0000-0000-000000000002', 'd1000000-0000-0000-0000-000000000002', 'a1000000-0000-0000-0000-000000000001', 'Cabin Filter', (CURRENT_DATE - EXTRACT(DOW FROM CURRENT_DATE)::int + 4)::date + TIME '10:00', 60),
  ('b1000000-0000-0000-0000-000000000003', 'd1000000-0000-0000-0000-000000000003', 'a1000000-0000-0000-0000-000000000003', 'Fuel Injector Clean', (CURRENT_DATE - EXTRACT(DOW FROM CURRENT_DATE)::int + 5)::date + TIME '08:00', 120),
  ('b1000000-0000-0000-0000-000000000006', 'd1000000-0000-0000-0000-000000000007', 'a1000000-0000-0000-0000-000000000002', 'Tire Rotation', (CURRENT_DATE - EXTRACT(DOW FROM CURRENT_DATE)::int + 5)::date + TIME '09:00', 60),
  ('b1000000-0000-0000-0000-000000000008', 'd1000000-0000-0000-0000-000000000009', 'a1000000-0000-0000-0000-000000000001', 'Spark Plug Replace', (CURRENT_DATE - EXTRACT(DOW FROM CURRENT_DATE)::int + 5)::date + TIME '11:00', 90);
